"Label (Grouping)","Churchill County, Nevada!!Estimate","Churchill County, Nevada!!Margin of Error","Churchill County, Nevada!!Percent","Churchill County, Nevada!!Percent Margin of Error","Douglas County, Nevada!!Estimate","Douglas County, Nevada!!Margin of Error","Douglas County, Nevada!!Percent","Douglas County, Nevada!!Percent Margin of Error","Elko County, Nevada!!Estimate","Elko County, Nevada!!Margin of Error","Elko County, Nevada!!Percent","Elko County, Nevada!!Percent Margin of Error","Esmeralda County, Nevada!!Estimate","Esmeralda County, Nevada!!Margin of Error","Esmeralda County, Nevada!!Percent","Esmeralda County, Nevada!!Percent Margin of Error","Eureka County, Nevada!!Estimate","Eureka County, Nevada!!Margin of Error","Eureka County, Nevada!!Percent","Eureka County, Nevada!!Percent Margin of Error","Humboldt County, Nevada!!Estimate","Humboldt County, Nevada!!Margin of Error","Humboldt County, Nevada!!Percent","Humboldt County, Nevada!!Percent Margin of Error","Lander County, Nevada!!Estimate","Lander County, Nevada!!Margin of Error","Lander County, Nevada!!Percent","Lander County, Nevada!!Percent Margin of Error","Lincoln County, Nevada!!Estimate","Lincoln County, Nevada!!Margin of Error","Lincoln County, Nevada!!Percent","Lincoln County, Nevada!!Percent Margin of Error","Lyon County, Nevada!!Estimate","Lyon County, Nevada!!Margin of Error","Lyon County, Nevada!!Percent","Lyon County, Nevada!!Percent Margin of Error","Mineral County, Nevada!!Estimate","Mineral County, Nevada!!Margin of Error","Mineral County, Nevada!!Percent","Mineral County, Nevada!!Percent Margin of Error","Nye County, Nevada!!Estimate","Nye County, Nevada!!Margin of Error","Nye County, Nevada!!Percent","Nye County, Nevada!!Percent Margin of Error","Pershing County, Nevada!!Estimate","Pershing County, Nevada!!Margin of Error","Pershing County, Nevada!!Percent","Pershing County, Nevada!!Percent Margin of Error","Storey County, Nevada!!Estimate","Storey County, Nevada!!Margin of Error","Storey County, Nevada!!Percent","Storey County, Nevada!!Percent Margin of Error","White Pine County, Nevada!!Estimate","White Pine County, Nevada!!Margin of Error","White Pine County, Nevada!!Percent","White Pine County, Nevada!!Percent Margin of Error","Carson City, Nevada!!Estimate","Carson City, Nevada!!Margin of Error","Carson City, Nevada!!Percent","Carson City, Nevada!!Percent Margin of Error"
"EMPLOYMENT STATUS","","","","","","","","","","","","","","","","","","","","","","","","","","","","","","","","","","","","","","","","","","","","","","","","","","","","","","","","","","","",""
"    Population 16 years and over","20,312","±231","20,312","(X)","43,031","±136","43,031","(X)","41,149","±244","41,149","(X)","900","±245","900","(X)","1,255","±225","1,255","(X)","13,268","±97","13,268","(X)","4,400","±235","4,400","(X)","3,659","±222","3,659","(X)","48,313","±183","48,313","(X)","3,738","±178","3,738","(X)","44,286","±186","44,286","(X)","5,561","±45","5,561","(X)","3,513","±166","3,513","(X)","7,334","±56","7,334","(X)","47,931","±169","47,931","(X)"
"        In labor force","12,694","±650","62.5%","±3.1","22,451","±604","52.2%","±1.4","27,631","±779","67.1%","±1.8","429","±160","47.7%","±12.0","579","±160","46.1%","±11.6","8,703","±383","65.6%","±2.9","2,643","±308","60.1%","±6.8","1,721","±229","47.0%","±5.7","28,476","±774","58.9%","±1.6","1,774","±212","47.5%","±5.7","18,500","±869","41.8%","±2.0","2,225","±255","40.0%","±4.6","1,473","±214","41.9%","±6.4","3,617","±208","49.3%","±2.9","28,736","±640","60.0%","±1.4"
"            Civilian labor force","11,518","±653","56.7%","±3.3","22,369","±601","52.0%","±1.4","27,585","±774","67.0%","±1.7","429","±160","47.7%","±12.0","579","±160","46.1%","±11.6","8,703","±383","65.6%","±2.9","2,643","±308","60.1%","±6.8","1,721","±229","47.0%","±5.7","28,248","±757","58.5%","±1.6","1,774","±212","47.5%","±5.7","18,500","±869","41.8%","±2.0","2,225","±255","40.0%","±4.6","1,445","±224","41.1%","±6.6","3,617","±208","49.3%","±2.9","28,674","±650","59.8%","±1.4"
"                Employed","10,794","±696","53.1%","±3.5","21,681","±600","50.4%","±1.4","26,275","±887","63.9%","±2.0","409","±159","45.4%","±12.1","579","±160","46.1%","±11.6","8,326","±397","62.8%","±3.1","2,335","±325","53.1%","±7.0","1,651","±224","45.1%","±5.6","26,227","±769","54.3%","±1.6","1,671","±206","44.7%","±5.6","16,775","±978","37.9%","±2.2","2,035","±276","36.6%","±5.0","1,344","±233","38.3%","±6.8","3,470","±233","47.3%","±3.2","27,340","±610","57.0%","±1.3"
"                Unemployed","724","±199","3.6%","±1.0","688","±174","1.6%","±0.4","1,310","±353","3.2%","±0.9","20","±17","2.2%","±2.0","0","±14","0.0%","±3.3","377","±101","2.8%","±0.8","308","±147","7.0%","±3.4","70","±57","1.9%","±1.5","2,021","±379","4.2%","±0.8","103","±59","2.8%","±1.6","1,725","±366","3.9%","±0.8","190","±97","3.4%","±1.7","101","±85","2.9%","±2.4","147","±84","2.0%","±1.1","1,334","±352","2.8%","±0.7"
"            Armed Forces","1,176","±336","5.8%","±1.6","82","±86","0.2%","±0.2","46","±39","0.1%","±0.1","0","±14","0.0%","±4.6","0","±14","0.0%","±3.3","0","±21","0.0%","±0.3","0","±19","0.0%","±1.0","0","±14","0.0%","±1.2","228","±140","0.5%","±0.3","0","±14","0.0%","±1.1","0","±32","0.0%","±0.1","0","±19","0.0%","±0.8","28","±36","0.8%","±1.0","0","±19","0.0%","±0.6","62","±69","0.1%","±0.1"
"        Not in labor force","7,618","±639","37.5%","±3.1","20,580","±624","47.8%","±1.4","13,518","±710","32.9%","±1.8","471","±164","52.3%","±12.0","676","±205","53.9%","±11.6","4,565","±400","34.4%","±2.9","1,757","±326","39.9%","±6.8","1,938","±245","53.0%","±5.7","19,837","±768","41.1%","±1.6","1,964","±252","52.5%","±5.7","25,786","±901","58.2%","±2.0","3,336","±262","60.0%","±4.6","2,040","±272","58.1%","±6.4","3,717","±221","50.7%","±2.9","19,195","±667","40.0%","±1.4"
"    Civilian labor force","11,518","±653","11,518","(X)","22,369","±601","22,369","(X)","27,585","±774","27,585","(X)","429","±160","429","(X)","579","±160","579","(X)","8,703","±383","8,703","(X)","2,643","±308","2,643","(X)","1,721","±229","1,721","(X)","28,248","±757","28,248","(X)","1,774","±212","1,774","(X)","18,500","±869","18,500","(X)","2,225","±255","2,225","(X)","1,445","±224","1,445","(X)","3,617","±208","3,617","(X)","28,674","±650","28,674","(X)"
"        Unemployment Rate","(X)","(X)","6.3%","±1.8","(X)","(X)","3.1%","±0.8","(X)","(X)","4.7%","±1.3","(X)","(X)","4.7%","±4.3","(X)","(X)","0.0%","±7.1","(X)","(X)","4.3%","±1.2","(X)","(X)","11.7%","±5.5","(X)","(X)","4.1%","±3.2","(X)","(X)","7.2%","±1.3","(X)","(X)","5.8%","±3.3","(X)","(X)","9.3%","±2.1","(X)","(X)","8.5%","±4.5","(X)","(X)","7.0%","±5.9","(X)","(X)","4.1%","±2.4","(X)","(X)","4.7%","±1.2"
"    Females 16 years and over","9,812","±160","9,812","(X)","21,323","±167","21,323","(X)","19,558","±175","19,558","(X)","410","±166","410","(X)","619","±143","619","(X)","6,274","±115","6,274","(X)","1,990","±178","1,990","(X)","1,636","±205","1,636","(X)","23,206","±151","23,206","(X)","2,008","±196","2,008","(X)","21,584","±172","21,584","(X)","1,779","±45","1,779","(X)","1,642","±181","1,642","(X)","2,972","±145","2,972","(X)","22,982","±123","22,982","(X)"
"        In labor force","5,399","±446","55.0%","±4.6","10,495","±467","49.2%","±2.1","11,226","±605","57.4%","±3.1","216","±115","52.7%","±13.8","208","±90","33.6%","±15.7","3,583","±265","57.1%","±4.3","947","±225","47.6%","±10.2","670","±187","41.0%","±9.4","12,660","±549","54.6%","±2.4","871","±177","43.4%","±7.7","7,896","±464","36.6%","±2.2","940","±137","52.8%","±7.3","566","±140","34.5%","±7.8","1,823","±196","61.3%","±5.1","13,192","±453","57.4%","±2.0"
"            Civilian labor force","5,179","±418","52.8%","±4.3","10,495","±467","49.2%","±2.1","11,187","±599","57.2%","±3.0","216","±115","52.7%","±13.8","208","±90","33.6%","±15.7","3,583","±265","57.1%","±4.3","947","±225","47.6%","±10.2","670","±187","41.0%","±9.4","12,650","±549","54.5%","±2.4","871","±177","43.4%","±7.7","7,896","±464","36.6%","±2.2","940","±137","52.8%","±7.3","566","±140","34.5%","±7.8","1,823","±196","61.3%","±5.1","13,149","±459","57.2%","±2.0"
"                Employed","4,848","±405","49.4%","±4.2","10,147","±468","47.6%","±2.1","10,645","±660","54.4%","±3.4","201","±116","49.0%","±14.4","208","±90","33.6%","±15.7","3,401","±273","54.2%","±4.4","842","±213","42.3%","±9.6","660","±187","40.3%","±9.4","11,474","±572","49.4%","±2.5","830","±176","41.3%","±7.8","6,824","±551","31.6%","±2.6","845","±145","47.5%","±7.8","523","±139","31.9%","±7.8","1,744","±207","58.7%","±5.8","12,764","±454","55.5%","±2.0"
"    Own children of the householder under 6 years","1,686","±160","1,686","(X)","1,923","±146","1,923","(X)","4,210","±305","4,210","(X)","26","±28","26","(X)","127","±75","127","(X)","1,396","±152","1,396","(X)","205","±84","205","(X)","242","±122","242","(X)","3,622","±397","3,622","(X)","291","±106","291","(X)","2,300","±336","2,300","(X)","340","±45","340","(X)","225","±94","225","(X)","432","±98","432","(X)","3,523","±270","3,523","(X)"
"        All parents in family in labor force","1,319","±208","78.2%","±8.8","1,217","±183","63.3%","±9.8","1,990","±355","47.3%","±7.8","3","±6","11.5%","±28.5","99","±77","78.0%","±32.4","828","±223","59.3%","±13.5","138","±69","67.3%","±20.6","58","±82","24.0%","±28.9","2,940","±390","81.2%","±7.3","214","±114","73.5%","±15.6","1,005","±292","43.7%","±14.8","294","±55","86.5%","±12.0","151","±90","67.1%","±25.9","369","±106","85.4%","±11.4","2,638","±362","74.9%","±7.6"
"    Own children of the householder 6 to 17 years","3,676","±207","3,676","(X)","5,318","±192","5,318","(X)","8,555","±437","8,555","(X)","70","±43","70","(X)","270","±167","270","(X)","2,940","±185","2,940","(X)","1,228","±281","1,228","(X)","709","±240","709","(X)","7,946","±367","7,946","(X)","514","±122","514","(X)","5,374","±470","5,374","(X)","726","±36","726","(X)","421","±155","421","(X)","1,224","±86","1,224","(X)","7,424","±268","7,424","(X)"
"        All parents in family in labor force","2,755","±272","74.9%","±7.0","3,948","±408","74.2%","±6.4","5,554","±620","64.9%","±6.1","27","±27","38.6%","±31.6","209","±173","77.4%","±27.3","2,021","±303","68.7%","±9.1","1,032","±266","84.0%","±14.2","425","±197","59.9%","±22.4","6,225","±481","78.3%","±5.3","345","±108","67.1%","±12.7","3,113","±559","57.9%","±9.1","620","±71","85.4%","±8.2","179","±93","42.5%","±21.1","1,048","±136","85.6%","±10.0","5,858","±442","78.9%","±5.0"
"COMMUTING TO WORK","","","","","","","","","","","","","","","","","","","","","","","","","","","","","","","","","","","","","","","","","","","","","","","","","","","","","","","","","","","",""
"    Workers 16 years and over","11,611","±702","11,611","(X)","21,142","±588","21,142","(X)","25,906","±900","25,906","(X)","397","±159","397","(X)","579","±160","579","(X)","8,176","±400","8,176","(X)","2,335","±325","2,335","(X)","1,651","±224","1,651","(X)","25,834","±788","25,834","(X)","1,648","±201","1,648","(X)","16,552","±991","16,552","(X)","1,993","±267","1,993","(X)","1,352","±217","1,352","(X)","3,387","±238","3,387","(X)","26,695","±584","26,695","(X)"
"        Car, truck, or van -- drove alone","9,437","±693","81.3%","±3.7","15,655","±645","74.0%","±2.3","17,043","±1,091","65.8%","±3.1","265","±120","66.8%","±14.0","332","±122","57.3%","±13.2","4,984","±467","61.0%","±4.6","1,515","±261","64.9%","±6.8","1,032","±244","62.5%","±11.7","20,132","±881","77.9%","±2.3","1,304","±195","79.1%","±9.4","12,526","±965","75.7%","±3.6","1,467","±224","73.6%","±6.3","980","±219","72.5%","±10.7","2,542","±275","75.1%","±6.6","20,274","±736","75.9%","±2.2"
"        Car, truck, or van -- carpooled","819","±234","7.1%","±2.0","2,090","±383","9.9%","±1.8","3,961","±561","15.3%","±2.1","24","±30","6.0%","±6.7","146","±76","25.2%","±11.8","1,248","±336","15.3%","±4.1","362","±152","15.5%","±6.0","270","±139","16.4%","±8.7","3,019","±505","11.7%","±2.0","143","±93","8.7%","±5.5","1,797","±518","10.9%","±3.1","205","±111","10.3%","±5.4","131","±111","9.7%","±8.1","313","±132","9.2%","±4.0","3,306","±446","12.4%","±1.7"
"        Public transportation (excluding taxicab)","108","±91","0.9%","±0.8","30","±45","0.1%","±0.2","2,493","±472","9.6%","±1.8","0","±14","0.0%","±10.1","22","±28","3.8%","±4.9","751","±187","9.2%","±2.2","368","±168","15.8%","±7.0","0","±14","0.0%","±2.5","266","±165","1.0%","±0.6","0","±14","0.0%","±2.5","94","±71","0.6%","±0.4","63","±69","3.2%","±3.4","6","±10","0.4%","±0.7","16","±30","0.5%","±0.9","459","±220","1.7%","±0.8"
"        Walked","448","±204","3.9%","±1.7","444","±167","2.1%","±0.8","828","±223","3.2%","±0.8","55","±49","13.9%","±11.0","17","±28","2.9%","±4.7","270","±158","3.3%","±1.9","60","±59","2.6%","±2.4","77","±61","4.7%","±3.5","386","±203","1.5%","±0.8","138","±133","8.4%","±7.9","347","±167","2.1%","±1.0","79","±50","4.0%","±2.4","68","±92","5.0%","±6.7","218","±125","6.4%","±3.6","395","±129","1.5%","±0.5"
"        Other means","211","±121","1.8%","±1.1","723","±218","3.4%","±1.0","391","±176","1.5%","±0.7","4","±5","1.0%","±1.2","0","±14","0.0%","±7.1","206","±130","2.5%","±1.6","22","±25","0.9%","±1.1","72","±73","4.4%","±4.2","205","±108","0.8%","±0.4","9","±15","0.5%","±0.9","467","±205","2.8%","±1.2","6","±10","0.3%","±0.5","28","±28","2.1%","±2.0","26","±34","0.8%","±1.0","427","±144","1.6%","±0.5"
"        Worked from home","588","±221","5.1%","±1.8","2,200","±312","10.4%","±1.5","1,190","±361","4.6%","±1.4","49","±45","12.3%","±10.2","62","±56","10.7%","±8.9","717","±277","8.8%","±3.4","8","±9","0.3%","±0.4","200","±112","12.1%","±6.6","1,826","±370","7.1%","±1.4","54","±45","3.3%","±2.7","1,321","±441","8.0%","±2.6","173","±106","8.7%","±5.1","139","±68","10.3%","±5.1","272","±160","8.0%","±4.6","1,834","±360","6.9%","±1.3"
"        Mean travel time to work (minutes)","22.8","±2.4","(X)","(X)","25.2","±1.6","(X)","(X)","29.0","±1.9","(X)","(X)","15.5","±6.2","(X)","(X)","25.8","±6.2","(X)","(X)","27.9","±2.8","(X)","(X)","26.2","±6.0","(X)","(X)","23.6","±7.6","(X)","(X)","29.8","±1.6","(X)","(X)","14.9","±3.5","(X)","(X)","28.4","±2.3","(X)","(X)","25.8","±5.2","(X)","(X)","32.7","±6.0","(X)","(X)","15.2","±2.1","(X)","(X)","21.1","±1.0","(X)","(X)"
"OCCUPATION","","","","","","","","","","","","","","","","","","","","","","","","","","","","","","","","","","","","","","","","","","","","","","","","","","","","","","","","","","","",""
"    Civilian employed population 16 years and over","10,794","±696","10,794","(X)","21,681","±600","21,681","(X)","26,275","±887","26,275","(X)","409","±159","409","(X)","579","±160","579","(X)","8,326","±397","8,326","(X)","2,335","±325","2,335","(X)","1,651","±224","1,651","(X)","26,227","±769","26,227","(X)","1,671","±206","1,671","(X)","16,775","±978","16,775","(X)","2,035","±276","2,035","(X)","1,344","±233","1,344","(X)","3,470","±233","3,470","(X)","27,340","±610","27,340","(X)"
"        Management, business, science, and arts occupations","3,918","±558","36.3%","±4.6","7,811","±524","36.0%","±2.4","8,011","±728","30.5%","±2.5","139","±77","34.0%","±12.5","156","±72","26.9%","±10.9","2,557","±369","30.7%","±3.9","805","±249","34.5%","±8.6","462","±135","28.0%","±7.8","7,081","±650","27.0%","±2.2","515","±172","30.8%","±8.7","4,307","±657","25.7%","±3.5","556","±188","27.3%","±7.2","556","±128","41.4%","±8.9","961","±234","27.7%","±5.9","9,105","±591","33.3%","±2.0"
"        Service occupations","1,694","±368","15.7%","±3.1","3,795","±461","17.5%","±2.0","4,512","±553","17.2%","±2.0","89","±89","21.8%","±17.9","17","±27","2.9%","±4.6","1,459","±301","17.5%","±3.6","277","±140","11.9%","±5.9","274","±139","16.6%","±8.0","5,132","±541","19.6%","±2.0","155","±106","9.3%","±6.0","3,608","±584","21.5%","±3.2","411","±121","20.2%","±6.1","218","±113","16.2%","±7.5","560","±165","16.1%","±4.8","5,872","±560","21.5%","±1.9"
"        Sales and office occupations","1,750","±301","16.2%","±2.8","5,390","±523","24.9%","±2.2","4,707","±555","17.9%","±1.9","27","±23","6.6%","±6.5","94","±64","16.2%","±9.0","1,472","±292","17.7%","±3.4","302","±140","12.9%","±5.8","381","±145","23.1%","±7.3","5,378","±752","20.5%","±2.7","409","±148","24.5%","±8.6","3,770","±463","22.5%","±2.5","262","±107","12.9%","±5.9","235","±98","17.5%","±6.6","751","±220","21.6%","±6.5","5,938","±579","21.7%","±2.0"
"        Natural resources, construction, and maintenance occupations","1,675","±327","15.5%","±2.9","2,091","±314","9.6%","±1.4","5,835","±522","22.2%","±2.0","106","±68","25.9%","±15.5","108","±56","18.7%","±10.4","1,770","±302","21.3%","±3.7","554","±169","23.7%","±7.2","380","±157","23.0%","±9.3","3,370","±465","12.8%","±1.8","284","±113","17.0%","±6.7","2,906","±416","17.3%","±2.4","530","±191","26.0%","±7.9","129","±110","9.6%","±8.0","634","±201","18.3%","±5.8","2,457","±369","9.0%","±1.4"
"        Production, transportation, and material moving occupations","1,757","±281","16.3%","±2.5","2,594","±370","12.0%","±1.7","3,210","±461","12.2%","±1.8","48","±35","11.7%","±9.1","204","±102","35.2%","±12.6","1,068","±242","12.8%","±2.8","397","±201","17.0%","±8.3","154","±98","9.3%","±5.9","5,266","±609","20.1%","±2.3","308","±122","18.4%","±7.5","2,184","±390","13.0%","±2.1","276","±99","13.6%","±4.5","206","±128","15.3%","±8.4","564","±220","16.3%","±6.1","3,968","±497","14.5%","±1.8"
"INDUSTRY","","","","","","","","","","","","","","","","","","","","","","","","","","","","","","","","","","","","","","","","","","","","","","","","","","","","","","","","","","","",""
"    Civilian employed population 16 years and over","10,794","±696","10,794","(X)","21,681","±600","21,681","(X)","26,275","±887","26,275","(X)","409","±159","409","(X)","579","±160","579","(X)","8,326","±397","8,326","(X)","2,335","±325","2,335","(X)","1,651","±224","1,651","(X)","26,227","±769","26,227","(X)","1,671","±206","1,671","(X)","16,775","±978","16,775","(X)","2,035","±276","2,035","(X)","1,344","±233","1,344","(X)","3,470","±233","3,470","(X)","27,340","±610","27,340","(X)"
"        Agriculture, forestry, fishing and hunting, and mining","549","±234","5.1%","±2.1","467","±128","2.2%","±0.6","6,047","±554","23.0%","±2.2","126","±70","30.8%","±12.7","259","±78","44.7%","±11.0","2,149","±406","25.8%","±4.8","789","±192","33.8%","±9.0","60","±65","3.6%","±3.9","804","±243","3.1%","±0.9","42","±39","2.5%","±2.3","1,516","±374","9.0%","±2.2","547","±161","26.9%","±6.7","5","±8","0.4%","±0.6","636","±188","18.3%","±5.2","131","±73","0.5%","±0.3"
"        Construction","1,070","±282","9.9%","±2.5","2,213","±372","10.2%","±1.7","2,269","±416","8.6%","±1.5","12","±13","2.9%","±3.4","47","±50","8.1%","±7.7","596","±201","7.2%","±2.4","80","±84","3.4%","±3.5","220","±118","13.3%","±7.1","2,032","±323","7.7%","±1.2","106","±81","6.3%","±4.8","1,622","±384","9.7%","±2.1","234","±168","11.5%","±7.5","127","±102","9.4%","±7.5","248","±125","7.1%","±3.5","2,305","±341","8.4%","±1.3"
"        Manufacturing","1,092","±309","10.1%","±2.9","1,667","±317","7.7%","±1.5","932","±316","3.5%","±1.2","35","±33","8.6%","±8.6","13","±17","2.2%","±3.0","262","±108","3.1%","±1.2","110","±75","4.7%","±3.1","41","±45","2.5%","±2.7","4,012","±539","15.3%","±2.2","131","±83","7.8%","±5.2","1,036","±273","6.2%","±1.6","103","±65","5.1%","±3.3","172","±121","12.8%","±8.0","107","±94","3.1%","±2.6","2,671","±391","9.8%","±1.5"
"        Wholesale trade","167","±110","1.5%","±1.0","210","±119","1.0%","±0.5","643","±220","2.4%","±0.8","23","±33","5.6%","±7.5","0","±14","0.0%","±7.1","207","±141","2.5%","±1.7","54","±49","2.3%","±2.0","59","±59","3.6%","±3.5","931","±305","3.5%","±1.2","46","±44","2.8%","±2.7","400","±242","2.4%","±1.4","29","±34","1.4%","±1.7","36","±31","2.7%","±2.2","67","±74","1.9%","±2.1","510","±209","1.9%","±0.8"
"        Retail trade","954","±231","8.8%","±2.1","2,620","±478","12.1%","±2.1","2,276","±436","8.7%","±1.6","17","±22","4.2%","±4.3","50","±46","8.6%","±7.4","802","±192","9.6%","±2.3","80","±64","3.4%","±2.5","166","±143","10.1%","±8.0","3,122","±542","11.9%","±2.0","129","±119","7.7%","±7.0","2,156","±325","12.9%","±2.0","208","±93","10.2%","±4.7","124","±67","9.2%","±4.6","188","±86","5.4%","±2.5","2,985","±504","10.9%","±1.8"
"        Transportation and warehousing, and utilities","985","±298","9.1%","±2.7","829","±231","3.8%","±1.1","1,329","±297","5.1%","±1.1","16","±16","3.9%","±4.0","62","±49","10.7%","±8.3","395","±143","4.7%","±1.7","212","±119","9.1%","±4.9","169","±88","10.2%","±5.3","1,718","±390","6.6%","±1.5","96","±75","5.7%","±4.4","1,060","±318","6.3%","±1.9","36","±42","1.8%","±2.1","109","±68","8.1%","±4.8","266","±133","7.7%","±3.9","810","±208","3.0%","±0.8"
"        Information","148","±93","1.4%","±0.8","171","±93","0.8%","±0.4","104","±64","0.4%","±0.2","0","±14","0.0%","±9.9","0","±14","0.0%","±7.1","34","±27","0.4%","±0.3","16","±28","0.7%","±1.2","22","±34","1.3%","±2.1","275","±170","1.0%","±0.7","4","±6","0.2%","±0.4","231","±151","1.4%","±0.9","10","±19","0.5%","±0.9","12","±18","0.9%","±1.3","13","±18","0.4%","±0.5","496","±203","1.8%","±0.7"
"        Finance and insurance, and real estate and rental and leasing","222","±130","2.1%","±1.2","1,342","±280","6.2%","±1.3","901","±295","3.4%","±1.1","11","±13","2.7%","±3.1","0","±14","0.0%","±7.1","273","±149","3.3%","±1.8","19","±17","0.8%","±0.8","57","±62","3.5%","±3.8","1,116","±306","4.3%","±1.1","51","±57","3.1%","±3.4","492","±178","2.9%","±1.1","9","±15","0.4%","±0.7","97","±59","7.2%","±4.5","72","±54","2.1%","±1.5","1,109","±268","4.1%","±1.0"
"        Professional, scientific, and management, and administrative and waste management services","979","±285","9.1%","±2.6","2,348","±411","10.8%","±1.9","1,542","±300","5.9%","±1.1","7","±6","1.7%","±1.8","30","±37","5.2%","±6.0","434","±180","5.2%","±2.1","286","±219","12.2%","±8.6","197","±112","11.9%","±6.7","2,359","±398","9.0%","±1.5","128","±85","7.7%","±5.0","1,915","±476","11.4%","±2.7","49","±44","2.4%","±2.2","141","±79","10.5%","±5.6","171","±108","4.9%","±3.0","3,026","±383","11.1%","±1.4"
"        Educational services, and health care and social assistance","2,243","±450","20.8%","±3.9","3,813","±403","17.6%","±1.8","4,292","±525","16.3%","±2.0","55","±45","13.4%","±10.4","94","±64","16.2%","±10.2","1,443","±308","17.3%","±3.5","282","±146","12.1%","±6.6","259","±99","15.7%","±5.9","4,002","±469","15.3%","±1.7","393","±190","23.5%","±10.7","2,386","±476","14.2%","±2.8","419","±92","20.6%","±4.7","180","±89","13.4%","±5.7","653","±177","18.8%","±4.8","5,415","±537","19.8%","±1.9"
"        Arts, entertainment, and recreation, and accommodation and food services","895","±333","8.3%","±3.0","2,746","±409","12.7%","±1.9","3,722","±613","14.2%","±2.2","18","±20","4.4%","±5.0","7","±11","1.2%","±1.9","806","±249","9.7%","±2.9","66","±51","2.8%","±2.1","160","±94","9.7%","±5.8","3,065","±433","11.7%","±1.6","96","±61","5.7%","±3.5","2,530","±510","15.1%","±3.0","153","±68","7.5%","±3.2","146","±61","10.9%","±4.8","519","±152","15.0%","±4.7","3,552","±445","13.0%","±1.5"
"        Other services, except public administration","544","±228","5.0%","±2.1","1,152","±236","5.3%","±1.1","1,160","±312","4.4%","±1.2","80","±86","19.6%","±17.1","16","±27","2.8%","±4.5","277","±151","3.3%","±1.8","17","±23","0.7%","±1.0","43","±70","2.6%","±4.2","1,102","±279","4.2%","±1.0","74","±63","4.4%","±3.8","436","±180","2.6%","±1.1","63","±62","3.1%","±3.0","79","±55","5.9%","±3.7","160","±116","4.6%","±3.3","1,234","±251","4.5%","±0.9"
"        Public administration","946","±261","8.8%","±2.5","2,103","±371","9.7%","±1.7","1,058","±255","4.0%","±1.0","9","±10","2.2%","±2.6","1","±3","0.2%","±0.6","648","±181","7.8%","±2.2","324","±141","13.9%","±5.7","198","±98","12.0%","±5.8","1,689","±346","6.4%","±1.2","375","±162","22.4%","±9.2","995","±320","5.9%","±1.8","175","±78","8.6%","±4.0","116","±58","8.6%","±4.4","370","±130","10.7%","±3.5","3,096","±384","11.3%","±1.4"
"CLASS OF WORKER","","","","","","","","","","","","","","","","","","","","","","","","","","","","","","","","","","","","","","","","","","","","","","","","","","","","","","","","","","","",""
"    Civilian employed population 16 years and over","10,794","±696","10,794","(X)","21,681","±600","21,681","(X)","26,275","±887","26,275","(X)","409","±159","409","(X)","579","±160","579","(X)","8,326","±397","8,326","(X)","2,335","±325","2,335","(X)","1,651","±224","1,651","(X)","26,227","±769","26,227","(X)","1,671","±206","1,671","(X)","16,775","±978","16,775","(X)","2,035","±276","2,035","(X)","1,344","±233","1,344","(X)","3,470","±233","3,470","(X)","27,340","±610","27,340","(X)"
"        Private wage and salary workers","7,754","±637","71.8%","±4.1","15,615","±756","72.0%","±2.6","21,215","±910","80.7%","±2.0","260","±98","63.6%","±14.7","406","±135","70.1%","±15.0","6,086","±441","73.1%","±4.3","1,719","±341","73.6%","±9.3","1,126","±207","68.2%","±8.2","20,853","±740","79.5%","±2.3","954","±251","57.1%","±12.9","13,117","±981","78.2%","±3.4","1,499","±222","73.7%","±5.6","1,040","±215","77.4%","±6.4","2,284","±240","65.8%","±6.7","19,786","±699","72.4%","±2.2"
"        Government workers","2,363","±427","21.9%","±3.7","4,207","±543","19.4%","±2.5","3,769","±486","14.3%","±1.8","64","±47","15.6%","±10.9","132","±80","22.8%","±11.5","1,598","±355","19.2%","±4.1","559","±210","23.9%","±8.9","478","±155","29.0%","±8.5","4,184","±619","16.0%","±2.2","664","±218","39.7%","±12.5","2,592","±497","15.5%","±2.8","395","±100","19.4%","±5.1","215","±74","16.0%","±5.3","957","±229","27.6%","±6.0","5,847","±541","21.4%","±1.9"
"        Self-employed in own not incorporated business workers","596","±200","5.5%","±1.8","1,781","±289","8.2%","±1.4","1,239","±275","4.7%","±1.0","85","±87","20.8%","±17.1","41","±45","7.1%","±7.6","605","±246","7.3%","±2.9","46","±48","2.0%","±2.0","47","±38","2.8%","±2.4","1,181","±241","4.5%","±0.9","53","±56","3.2%","±3.4","999","±280","6.0%","±1.7","141","±105","6.9%","±4.7","89","±57","6.6%","±4.2","229","±147","6.6%","±4.1","1,686","±346","6.2%","±1.2"
"        Unpaid family workers","81","±103","0.8%","±0.9","78","±84","0.4%","±0.4","52","±54","0.2%","±0.2","0","±14","0.0%","±9.9","0","±14","0.0%","±7.1","37","±54","0.4%","±0.6","11","±20","0.5%","±0.8","0","±14","0.0%","±2.5","9","±16","0.0%","±0.1","0","±14","0.0%","±2.5","67","±59","0.4%","±0.4","0","±19","0.0%","±2.1","0","±14","0.0%","±3.1","0","±19","0.0%","±1.2","21","±24","0.1%","±0.1"
"INCOME AND BENEFITS (IN 2022 INFLATION-ADJUSTED DOLLARS)","","","","","","","","","","","","","","","","","","","","","","","","","","","","","","","","","","","","","","","","","","","","","","","","","","","","","","","","","","","",""
"    Total households","9,595","±275","9,595","(X)","21,001","±303","21,001","(X)","19,032","±388","19,032","(X)","485","±133","485","(X)","570","±107","570","(X)","6,986","±202","6,986","(X)","2,256","±215","2,256","(X)","1,645","±168","1,645","(X)","23,290","±318","23,290","(X)","1,881","±200","1,881","(X)","21,847","±574","21,847","(X)","1,886","±113","1,886","(X)","1,692","±180","1,692","(X)","3,363","±204","3,363","(X)","23,355","±355","23,355","(X)"
"        Less than $10,000","313","±106","3.3%","±1.1","693","±183","3.3%","±0.9","732","±221","3.8%","±1.2","4","±5","0.8%","±1.1","11","±18","1.9%","±3.1","359","±156","5.1%","±2.3","108","±63","4.8%","±2.8","72","±50","4.4%","±2.9","1,283","±263","5.5%","±1.1","118","±68","6.3%","±3.4","1,443","±389","6.6%","±1.8","130","±70","6.9%","±3.7","50","±66","3.0%","±3.9","154","±94","4.6%","±2.8","909","±197","3.9%","±0.8"
"        $10,000 to $14,999","249","±97","2.6%","±1.0","565","±152","2.7%","±0.7","667","±201","3.5%","±1.1","127","±113","26.2%","±19.2","1","±5","0.2%","±1.0","332","±137","4.8%","±2.0","47","±33","2.1%","±1.4","9","±16","0.5%","±1.0","779","±286","3.3%","±1.2","158","±97","8.4%","±5.0","895","±277","4.1%","±1.3","41","±29","2.2%","±1.5","73","±69","4.3%","±4.1","139","±81","4.1%","±2.4","904","±186","3.9%","±0.8"
"        $15,000 to $24,999","870","±239","9.1%","±2.5","1,195","±267","5.7%","±1.3","925","±287","4.9%","±1.5","51","±28","10.5%","±6.2","41","±41","7.2%","±7.5","406","±140","5.8%","±2.0","175","±118","7.8%","±5.0","133","±83","8.1%","±4.8","1,211","±266","5.2%","±1.1","215","±97","11.4%","±4.7","2,256","±379","10.3%","±1.7","150","±70","8.0%","±3.7","89","±63","5.3%","±3.7","265","±129","7.9%","±3.9","1,924","±343","8.2%","±1.5"
"        $25,000 to $34,999","975","±253","10.2%","±2.6","1,508","±303","7.2%","±1.5","1,314","±424","6.9%","±2.2","28","±22","5.8%","±4.5","68","±56","11.9%","±9.4","677","±241","9.7%","±3.4","187","±123","8.3%","±5.4","72","±45","4.4%","±2.7","1,785","±342","7.7%","±1.5","245","±109","13.0%","±5.6","2,244","±551","10.3%","±2.4","206","±117","10.9%","±6.2","164","±104","9.7%","±5.9","193","±83","5.7%","±2.5","1,705","±313","7.3%","±1.3"
"        $35,000 to $49,999","944","±211","9.8%","±2.2","2,031","±339","9.7%","±1.6","1,864","±362","9.8%","±1.9","52","±33","10.7%","±6.4","55","±42","9.6%","±7.1","757","±172","10.8%","±2.5","223","±121","9.9%","±5.2","266","±120","16.2%","±7.3","2,795","±408","12.0%","±1.7","267","±108","14.2%","±5.4","3,498","±491","16.0%","±2.3","227","±97","12.0%","±5.3","185","±139","10.9%","±7.6","331","±126","9.8%","±3.7","2,646","±355","11.3%","±1.5"
"        $50,000 to $74,999","1,662","±344","17.3%","±3.5","3,360","±402","16.0%","±1.8","2,364","±416","12.4%","±2.2","73","±47","15.1%","±9.4","124","±72","21.8%","±11.4","948","±226","13.6%","±3.3","118","±77","5.2%","±3.4","377","±148","22.9%","±8.4","4,422","±505","19.0%","±2.1","326","±108","17.3%","±6.2","3,834","±500","17.5%","±2.3","278","±114","14.7%","±6.2","208","±97","12.3%","±5.9","683","±222","20.3%","±6.3","4,893","±420","21.0%","±1.8"
"        $75,000 to $99,999","1,449","±350","15.1%","±3.6","3,210","±371","15.3%","±1.8","3,022","±396","15.9%","±2.1","29","±21","6.0%","±4.5","58","±48","10.2%","±8.7","1,053","±265","15.1%","±3.7","308","±125","13.7%","±5.4","249","±121","15.1%","±7.1","3,354","±443","14.4%","±1.9","205","±107","10.9%","±5.5","2,504","±418","11.5%","±1.9","265","±130","14.1%","±6.7","173","±68","10.2%","±4.3","484","±161","14.4%","±4.8","3,278","±357","14.0%","±1.5"
"        $100,000 to $149,999","1,829","±366","19.1%","±3.7","3,982","±380","19.0%","±1.8","4,463","±534","23.4%","±2.8","99","±47","20.4%","±10.3","137","±73","24.0%","±11.5","1,323","±268","18.9%","±3.7","744","±222","33.0%","±9.2","282","±97","17.1%","±6.0","4,826","±525","20.7%","±2.2","259","±128","13.8%","±6.7","2,996","±434","13.7%","±2.0","383","±143","20.3%","±7.5","432","±130","25.5%","±7.2","849","±178","25.2%","±4.9","3,984","±357","17.1%","±1.5"
"        $150,000 to $199,999","652","±184","6.8%","±1.9","1,936","±292","9.2%","±1.4","2,206","±375","11.6%","±2.0","16","±16","3.3%","±3.2","31","±38","5.4%","±6.6","700","±180","10.0%","±2.6","124","±93","5.5%","±4.3","78","±72","4.7%","±4.5","1,671","±347","7.2%","±1.5","19","±25","1.0%","±1.3","1,339","±354","6.1%","±1.6","158","±92","8.4%","±4.8","180","±72","10.6%","±4.7","160","±73","4.8%","±2.1","1,307","±196","5.6%","±0.8"
"        $200,000 or more","652","±208","6.8%","±2.2","2,521","±339","12.0%","±1.6","1,475","±278","7.8%","±1.4","6","±8","1.2%","±1.7","44","±43","7.7%","±7.4","431","±126","6.2%","±1.8","222","±124","9.8%","±5.5","107","±70","6.5%","±4.1","1,164","±300","5.0%","±1.3","69","±59","3.7%","±3.2","838","±267","3.8%","±1.2","48","±36","2.5%","±1.9","138","±82","8.2%","±4.8","105","±113","3.1%","±3.3","1,805","±291","7.7%","±1.2"
"        Median household income (dollars)","69,922","±7,313","(X)","(X)","84,262","±4,442","(X)","(X)","87,755","±3,959","(X)","(X)","40,694","±30,242","(X)","(X)","73,929","±32,052","(X)","(X)","75,574","±8,165","(X)","(X)","92,388","±15,949","(X)","(X)","67,412","±6,382","(X)","(X)","70,026","±3,491","(X)","(X)","46,625","±5,538","(X)","(X)","53,602","±2,914","(X)","(X)","66,304","±16,796","(X)","(X)","86,932","±20,850","(X)","(X)","71,297","±6,042","(X)","(X)","67,465","±2,052","(X)","(X)"
"        Mean household income (dollars)","88,441","±5,893","(X)","(X)","114,346","±5,406","(X)","(X)","103,071","±6,473","(X)","(X)","61,434","±17,306","(X)","(X)","88,816","±20,583","(X)","(X)","92,454","±11,013","(X)","(X)","102,279","±12,090","(X)","(X)","81,163","±8,149","(X)","(X)","88,275","±4,772","(X)","(X)","61,148","±8,266","(X)","(X)","71,428","±4,372","(X)","(X)","77,979","±9,750","(X)","(X)","103,654","±15,168","(X)","(X)","81,630","±7,962","(X)","(X)","91,960","±5,613","(X)","(X)"
"        With earnings","7,369","±340","76.8%","±2.9","13,990","±431","66.6%","±1.6","16,227","±451","85.3%","±1.4","235","±78","48.5%","±16.9","371","±92","65.1%","±13.3","5,524","±272","79.1%","±3.3","1,823","±215","80.8%","±6.5","1,150","±132","69.9%","±7.2","16,634","±513","71.4%","±2.0","1,061","±155","56.4%","±7.8","12,297","±707","56.3%","±2.7","1,333","±163","70.7%","±5.8","984","±155","58.2%","±9.6","2,326","±243","69.2%","±4.7","17,017","±477","72.9%","±1.6"
"            Mean earnings (dollars)","87,778","±6,191","(X)","(X)","102,295","±5,925","(X)","(X)","102,026","±6,844","(X)","(X)","84,782","±13,996","(X)","(X)","94,484","±21,975","(X)","(X)","98,031","±13,498","(X)","(X)","98,033","±14,006","(X)","(X)","85,620","±10,441","(X)","(X)","85,928","±4,361","(X)","(X)","74,721","±10,713","(X)","(X)","73,329","±4,990","(X)","(X)","84,091","±9,364","(X)","(X)","103,799","±25,733","(X)","(X)","93,934","±9,698","(X)","(X)","90,295","±7,081","(X)","(X)"
"        With Social Security","3,130","±301","32.6%","±3.1","9,686","±402","46.1%","±1.8","4,407","±274","23.2%","±1.5","273","±124","56.3%","±16.0","293","±103","51.4%","±15.0","2,285","±237","32.7%","±3.3","616","±173","27.3%","±7.6","603","±149","36.7%","±7.4","9,296","±479","39.9%","±2.0","746","±170","39.7%","±7.8","11,575","±535","53.0%","±2.3","829","±98","44.0%","±5.3","1,039","±204","61.4%","±8.4","1,278","±138","38.0%","±4.2","8,591","±379","36.8%","±1.5"
"            Mean Social Security income (dollars)","21,751","±2,250","(X)","(X)","25,253","±1,091","(X)","(X)","22,178","±1,360","(X)","(X)","18,034","±3,933","(X)","(X)","16,923","±4,538","(X)","(X)","17,384","±1,801","(X)","(X)","22,325","±4,378","(X)","(X)","20,393","±3,513","(X)","(X)","22,212","±919","(X)","(X)","25,498","±3,423","(X)","(X)","23,648","±1,066","(X)","(X)","22,371","±3,746","(X)","(X)","24,916","±2,872","(X)","(X)","21,094","±2,062","(X)","(X)","20,817","±991","(X)","(X)"
"        With retirement income","2,868","±391","29.9%","±3.9","8,350","±433","39.8%","±2.2","3,531","±356","18.6%","±1.9","94","±40","19.4%","±8.4","238","±102","41.8%","±13.3","1,217","±236","17.4%","±3.3","641","±163","28.4%","±6.5","538","±161","32.7%","±8.2","6,569","±377","28.2%","±1.6","513","±135","27.3%","±6.3","7,878","±631","36.1%","±3.0","315","±115","16.7%","±6.2","713","±172","42.1%","±8.0","896","±154","26.6%","±4.6","6,376","±362","27.3%","±1.4"
"            Mean retirement income (dollars)","27,635","±3,430","(X)","(X)","44,145","±4,107","(X)","(X)","34,490","±6,090","(X)","(X)","35,752","±17,025","(X)","(X)","30,110","±9,589","(X)","(X)","29,585","±5,217","(X)","(X)","48,232","±18,690","(X)","(X)","29,831","±5,664","(X)","(X)","35,201","±2,861","(X)","(X)","25,106","±7,908","(X)","(X)","29,520","±2,866","(X)","(X)","36,799","±10,256","(X)","(X)","44,912","±10,933","(X)","(X)","23,853","±4,840","(X)","(X)","39,658","±2,864","(X)","(X)"
"        With Supplemental Security Income","545","±182","5.7%","±1.9","1,006","±251","4.8%","±1.2","472","±171","2.5%","±0.9","7","±11","1.4%","±2.3","7","±10","1.2%","±1.9","218","±97","3.1%","±1.4","131","±84","5.8%","±3.7","51","±35","3.1%","±2.1","1,428","±349","6.1%","±1.5","45","±27","2.4%","±1.5","1,693","±401","7.7%","±1.9","52","±39","2.8%","±2.0","99","±71","5.9%","±4.2","114","±64","3.4%","±1.9","698","±166","3.0%","±0.7"
"            Mean Supplemental Security Income (dollars)","9,408","±1,327","(X)","(X)","12,029","±1,524","(X)","(X)","10,775","±2,280","(X)","(X)","N","N","(X)","(X)","N","N","(X)","(X)","8,021","±1,920","(X)","(X)","17,066","±4,639","(X)","(X)","8,788","±2,595","(X)","(X)","13,675","±1,746","(X)","(X)","10,289","±2,359","(X)","(X)","12,617","±1,529","(X)","(X)","7,825","±1,883","(X)","(X)","17,894","±5,127","(X)","(X)","9,582","±4,564","(X)","(X)","10,150","±1,277","(X)","(X)"
"        With cash public assistance income","196","±130","2.0%","±1.3","264","±96","1.3%","±0.5","249","±119","1.3%","±0.6","9","±8","1.9%","±1.8","36","±43","6.3%","±7.9","61","±58","0.9%","±0.8","1","±2","0.0%","±0.1","41","±54","2.5%","±3.3","670","±209","2.9%","±0.9","50","±40","2.7%","±2.1","668","±204","3.1%","±0.9","7","±12","0.4%","±0.6","28","±35","1.7%","±2.0","26","±37","0.8%","±1.1","536","±157","2.3%","±0.7"
"            Mean cash public assistance income (dollars)","2,876","±1,320","(X)","(X)","3,595","±1,723","(X)","(X)","1,990","±893","(X)","(X)","N","N","(X)","(X)","N","N","(X)","(X)","7,769","±1,687","(X)","(X)","N","N","(X)","(X)","N","N","(X)","(X)","3,669","±1,665","(X)","(X)","2,642","±832","(X)","(X)","3,301","±1,019","(X)","(X)","N","N","(X)","(X)","N","N","(X)","(X)","8,627","±3,129","(X)","(X)","5,308","±1,207","(X)","(X)"
"        With Food Stamp/SNAP benefits in the past 12 months","956","±251","10.0%","±2.6","1,017","±244","4.8%","±1.2","1,675","±360","8.8%","±1.9","126","±115","26.0%","±19.6","8","±11","1.4%","±1.9","797","±203","11.4%","±2.9","255","±121","11.3%","±5.4","126","±74","7.7%","±4.4","2,471","±428","10.6%","±1.8","264","±118","14.0%","±5.9","3,172","±429","14.5%","±2.0","148","±63","7.8%","±3.3","96","±65","5.7%","±3.9","196","±98","5.8%","±2.9","2,093","±335","9.0%","±1.4"
"    Families","5,770","±426","5,770","(X)","15,108","±448","15,108","(X)","13,043","±617","13,043","(X)","229","±74","229","(X)","476","±103","476","(X)","4,564","±359","4,564","(X)","1,637","±201","1,637","(X)","1,009","±160","1,009","(X)","15,503","±519","15,503","(X)","1,055","±145","1,055","(X)","13,325","±741","13,325","(X)","1,289","±166","1,289","(X)","907","±131","907","(X)","2,131","±237","2,131","(X)","14,717","±515","14,717","(X)"
"        Less than $10,000","67","±31","1.2%","±0.5","302","±118","2.0%","±0.8","290","±151","2.2%","±1.1","8","±8","3.5%","±3.5","11","±18","2.3%","±3.7","105","±53","2.3%","±1.1","62","±42","3.8%","±2.5","26","±39","2.6%","±3.8","494","±181","3.2%","±1.1","34","±24","3.2%","±2.3","434","±203","3.3%","±1.5","50","±27","3.9%","±2.3","5","±8","0.6%","±0.9","23","±25","1.1%","±1.2","284","±104","1.9%","±0.7"
"        $10,000 to $14,999","22","±16","0.4%","±0.3","216","±95","1.4%","±0.6","130","±78","1.0%","±0.6","0","±14","0.0%","±16.9","1","±5","0.2%","±1.1","69","±56","1.5%","±1.2","0","±19","0.0%","±2.6","0","±14","0.0%","±4.1","349","±165","2.3%","±1.1","45","±49","4.3%","±4.5","508","±225","3.8%","±1.7","0","±19","0.0%","±3.2","13","±25","1.4%","±2.7","42","±44","2.0%","±2.1","154","±88","1.0%","±0.6"
"        $15,000 to $24,999","324","±116","5.6%","±2.0","424","±139","2.8%","±0.9","433","±200","3.3%","±1.5","3","±4","1.3%","±1.8","32","±38","6.7%","±8.2","208","±96","4.6%","±2.0","111","±91","6.8%","±5.3","17","±12","1.7%","±1.2","305","±113","2.0%","±0.7","68","±41","6.4%","±3.8","932","±273","7.0%","±2.0","35","±30","2.7%","±2.4","9","±14","1.0%","±1.5","103","±62","4.8%","±2.9","842","±252","5.7%","±1.7"
"        $25,000 to $34,999","411","±169","7.1%","±2.9","860","±246","5.7%","±1.6","551","±219","4.2%","±1.7","11","±14","4.8%","±6.0","56","±55","11.8%","±10.7","399","±165","8.7%","±3.4","124","±112","7.6%","±6.7","10","±15","1.0%","±1.5","987","±243","6.4%","±1.5","85","±52","8.1%","±5.2","890","±284","6.7%","±2.1","112","±105","8.7%","±8.1","31","±31","3.4%","±3.3","25","±22","1.2%","±1.0","678","±227","4.6%","±1.5"
"        $35,000 to $49,999","410","±137","7.1%","±2.4","1,087","±230","7.2%","±1.5","1,259","±279","9.7%","±2.0","32","±27","14.0%","±11.1","36","±41","7.6%","±8.6","407","±155","8.9%","±3.4","170","±119","10.4%","±7.1","156","±106","15.5%","±9.5","1,409","±305","9.1%","±1.9","165","±88","15.6%","±7.5","2,185","±370","16.4%","±2.8","160","±81","12.4%","±6.3","16","±20","1.8%","±2.2","208","±115","9.8%","±5.4","1,803","±310","12.3%","±2.1"
"        $50,000 to $74,999","1,049","±282","18.2%","±4.7","2,493","±337","16.5%","±2.0","1,433","±293","11.0%","±2.3","35","±37","15.3%","±14.8","114","±69","23.9%","±12.9","700","±226","15.3%","±4.6","84","±63","5.1%","±4.0","220","±102","21.8%","±10.3","3,316","±409","21.4%","±2.6","293","±119","27.8%","±11.2","2,652","±433","19.9%","±3.2","165","±89","12.8%","±7.6","129","±70","14.2%","±7.2","496","±205","23.3%","±8.6","2,938","±372","20.0%","±2.4"
"        $75,000 to $99,999","823","±227","14.3%","±3.8","2,695","±361","17.8%","±2.3","2,377","±325","18.2%","±2.3","25","±21","10.9%","±9.1","58","±48","12.2%","±10.5","686","±176","15.0%","±3.6","188","±89","11.5%","±5.3","176","±96","17.4%","±8.8","2,764","±365","17.8%","±2.3","134","±87","12.7%","±7.9","1,579","±327","11.8%","±2.4","189","±111","14.7%","±7.9","194","±74","21.4%","±7.9","289","±122","13.6%","±5.7","2,257","±331","15.3%","±2.2"
"        $100,000 to $149,999","1,546","±376","26.8%","±6.1","3,274","±378","21.7%","±2.5","3,371","±474","25.8%","±3.5","99","±47","43.2%","±14.2","129","±72","27.1%","±13.1","1,098","±256","24.1%","±5.6","578","±196","35.3%","±10.8","255","±98","25.3%","±8.9","3,710","±472","23.9%","±2.9","153","±105","14.5%","±9.4","2,390","±364","17.9%","±2.5","372","±144","28.9%","±10.6","309","±114","34.1%","±10.4","740","±159","34.7%","±7.2","3,345","±379","22.7%","±2.4"
"        $150,000 to $199,999","571","±186","9.9%","±3.1","1,524","±271","10.1%","±1.8","1,908","±361","14.6%","±2.6","16","±16","7.0%","±6.4","23","±36","4.8%","±7.7","624","±169","13.7%","±3.6","113","±93","6.9%","±6.0","78","±72","7.7%","±7.4","1,289","±284","8.3%","±1.9","25","±32","2.4%","±3.1","1,341","±361","10.1%","±2.6","158","±92","12.3%","±6.9","109","±67","12.0%","±7.1","149","±74","7.0%","±3.3","1,069","±179","7.3%","±1.2"
"        $200,000 or more","547","±179","9.5%","±3.0","2,233","±331","14.8%","±2.1","1,291","±279","9.9%","±2.1","0","±14","0.0%","±16.9","16","±26","3.4%","±5.5","268","±102","5.9%","±2.2","207","±119","12.6%","±7.1","71","±55","7.0%","±5.4","880","±243","5.7%","±1.6","53","±56","5.0%","±5.2","414","±160","3.1%","±1.2","48","±36","3.7%","±2.7","92","±60","10.1%","±6.7","56","±67","2.6%","±3.1","1,347","±244","9.2%","±1.7"
"        Median family income (dollars)","94,505","±6,490","(X)","(X)","96,012","±4,378","(X)","(X)","100,342","±3,830","(X)","(X)","102,583","±29,018","(X)","(X)","74,143","±32,445","(X)","(X)","86,944","±8,520","(X)","(X)","101,968","±18,655","(X)","(X)","85,950","±12,467","(X)","(X)","84,189","±4,463","(X)","(X)","57,417","±12,016","(X)","(X)","64,001","±4,512","(X)","(X)","92,031","±15,577","(X)","(X)","110,426","±15,008","(X)","(X)","93,684","±12,252","(X)","(X)","82,109","±4,136","(X)","(X)"
"        Mean family income (dollars)","109,273","±8,074","(X)","(X)","129,060","±6,974","(X)","(X)","117,585","±8,195","(X)","(X)","94,548","±11,654","(X)","(X)","81,749","±16,607","(X)","(X)","97,707","±6,194","(X)","(X)","113,368","±15,027","(X)","(X)","94,631","±10,313","(X)","(X)","97,376","±5,877","(X)","(X)","73,056","±10,530","(X)","(X)","81,770","±5,122","(X)","(X)","96,184","±12,357","(X)","(X)","124,907","±15,420","(X)","(X)","95,671","±8,068","(X)","(X)","103,688","±5,222","(X)","(X)"
"    Per capita income (dollars)","35,869","±2,407","(X)","(X)","49,115","±2,341","(X)","(X)","39,001","±2,142","(X)","(X)","31,776","±6,405","(X)","(X)","32,187","±9,974","(X)","(X)","35,979","±2,610","(X)","(X)","41,561","±5,182","(X)","(X)","32,459","±3,518","(X)","(X)","36,330","±2,120","(X)","(X)","26,662","±3,923","(X)","(X)","30,751","±1,899","(X)","(X)","25,896","±3,071","(X)","(X)","44,539","±6,384","(X)","(X)","30,668","±2,740","(X)","(X)","37,677","±2,222","(X)","(X)"
"    Nonfamily households","3,825","±456","3,825","(X)","5,893","±407","5,893","(X)","5,989","±575","5,989","(X)","256","±120","256","(X)","94","±58","94","(X)","2,422","±356","2,422","(X)","619","±182","619","(X)","636","±222","636","(X)","7,787","±516","7,787","(X)","826","±234","826","(X)","8,522","±818","8,522","(X)","597","±144","597","(X)","785","±217","785","(X)","1,232","±199","1,232","(X)","8,638","±562","8,638","(X)"
"        Median nonfamily income (dollars)","41,306","±9,480","(X)","(X)","45,755","±3,552","(X)","(X)","50,978","±8,531","(X)","(X)","15,625","±13,506","(X)","(X)","-","**","(X)","(X)","43,348","±13,478","(X)","(X)","55,602","±22,340","(X)","(X)","41,917","±19,293","(X)","(X)","45,009","±4,548","(X)","(X)","28,011","±3,233","(X)","(X)","34,948","±3,031","(X)","(X)","28,954","±6,352","(X)","(X)","36,530","±11,002","(X)","(X)","39,097","±12,438","(X)","(X)","41,245","±3,940","(X)","(X)"
"        Mean nonfamily income (dollars)","51,806","±6,086","(X)","(X)","70,922","±7,511","(X)","(X)","67,062","±6,219","(X)","(X)","30,941","±14,089","(X)","(X)","124,600","±69,142","(X)","(X)","78,778","±28,874","(X)","(X)","66,115","±15,072","(X)","(X)","57,700","±21,414","(X)","(X)","60,751","±7,326","(X)","(X)","40,439","±10,086","(X)","(X)","51,428","±6,529","(X)","(X)","38,298","±6,870","(X)","(X)","73,447","±26,692","(X)","(X)","47,597","±8,287","(X)","(X)","62,900","±11,777","(X)","(X)"
"    Median earnings for workers (dollars)","41,292","±3,049","(X)","(X)","41,925","±1,932","(X)","(X)","46,752","±2,835","(X)","(X)","44,107","±19,103","(X)","(X)","58,516","±34,263","(X)","(X)","44,556","±5,757","(X)","(X)","66,094","±19,933","(X)","(X)","47,308","±8,627","(X)","(X)","41,417","±2,433","(X)","(X)","38,606","±8,337","(X)","(X)","35,803","±1,425","(X)","(X)","37,969","±12,231","(X)","(X)","38,878","±11,303","(X)","(X)","54,192","±5,895","(X)","(X)","38,574","±1,803","(X)","(X)"
"    Median earnings for male full-time, year-round workers (dollars)","57,445","±5,140","(X)","(X)","67,310","±4,618","(X)","(X)","80,069","±4,595","(X)","(X)","70,444","±9,993","(X)","(X)","86,125","±16,822","(X)","(X)","78,489","±3,072","(X)","(X)","100,362","±19,238","(X)","(X)","75,750","±18,873","(X)","(X)","58,996","±2,101","(X)","(X)","65,889","±11,398","(X)","(X)","52,943","±6,028","(X)","(X)","74,645","±4,421","(X)","(X)","67,813","±28,149","(X)","(X)","60,893","±5,687","(X)","(X)","49,872","±2,347","(X)","(X)"
"    Median earnings for female full-time, year-round workers (dollars)","42,183","±4,178","(X)","(X)","50,916","±2,234","(X)","(X)","48,436","±2,666","(X)","(X)","63,125","±22,958","(X)","(X)","22,283","±12,394","(X)","(X)","43,068","±9,339","(X)","(X)","60,417","±29,193","(X)","(X)","60,729","±22,889","(X)","(X)","46,887","±2,965","(X)","(X)","45,530","±7,141","(X)","(X)","48,292","±6,871","(X)","(X)","29,832","±7,221","(X)","(X)","56,000","±43,965","(X)","(X)","61,645","±12,218","(X)","(X)","44,760","±2,484","(X)","(X)"
"HEALTH INSURANCE COVERAGE","","","","","","","","","","","","","","","","","","","","","","","","","","","","","","","","","","","","","","","","","","","","","","","","","","","","","","","","","","","",""
"    Civilian noninstitutionalized population","24,084","±339","24,084","(X)","49,227","±87","49,227","(X)","52,924","±81","52,924","(X)","973","±266","973","(X)","1,616","±264","1,616","(X)","17,083","±31","17,083","(X)","5,682","±9","5,682","(X)","4,011","±49","4,011","(X)","59,060","±141","59,060","(X)","4,482","±10","4,482","(X)","51,052","±26","51,052","(X)","4,807","±54","4,807","(X)","4,061","±36","4,061","(X)","7,483","±104","7,483","(X)","55,737","±121","55,737","(X)"
"        With health insurance coverage","21,889","±597","90.9%","±2.5","45,700","±448","92.8%","±0.9","48,196","±739","91.1%","±1.4","871","±244","89.5%","±6.5","1,455","±227","90.0%","±7.0","15,420","±347","90.3%","±2.0","5,332","±154","93.8%","±2.7","3,590","±199","89.5%","±4.9","53,378","±731","90.4%","±1.2","3,987","±178","89.0%","±4.0","46,521","±731","91.1%","±1.4","4,306","±167","89.6%","±3.4","3,782","±201","93.1%","±5.1","7,178","±169","95.9%","±1.9","49,408","±643","88.6%","±1.2"
"            With private health insurance","16,277","±1,019","67.6%","±4.3","35,215","±867","71.5%","±1.8","39,628","±1,241","74.9%","±2.3","424","±188","43.6%","±14.4","1,034","±282","64.0%","±16.5","12,441","±591","72.8%","±3.5","4,297","±308","75.6%","±5.4","2,647","±319","66.0%","±7.8","38,848","±1,396","65.8%","±2.3","2,136","±325","47.7%","±7.3","27,342","±1,477","53.6%","±2.9","3,008","±305","62.6%","±6.3","2,406","±310","59.2%","±7.8","5,428","±385","72.5%","±5.0","36,886","±1,104","66.2%","±2.0"
"            With public coverage","10,048","±777","41.7%","±3.2","21,013","±823","42.7%","±1.7","13,334","±1,061","25.2%","±2.0","499","±172","51.3%","±13.2","703","±229","43.5%","±11.9","4,930","±530","28.9%","±3.1","1,882","±374","33.1%","±6.6","1,423","±282","35.5%","±7.1","23,704","±1,275","40.1%","±2.2","2,349","±323","52.4%","±7.2","28,962","±1,214","56.7%","±2.4","1,964","±246","40.9%","±5.1","2,281","±330","56.2%","±8.1","2,739","±253","36.6%","±3.3","20,191","±886","36.2%","±1.6"
"        No health insurance coverage","2,195","±622","9.1%","±2.5","3,527","±454","7.2%","±0.9","4,728","±733","8.9%","±1.4","102","±71","10.5%","±6.5","161","±125","10.0%","±7.0","1,663","±350","9.7%","±2.0","350","±153","6.2%","±2.7","421","±195","10.5%","±4.9","5,682","±712","9.6%","±1.2","495","±178","11.0%","±4.0","4,531","±726","8.9%","±1.4","501","±161","10.4%","±3.4","279","±206","6.9%","±5.1","305","±143","4.1%","±1.9","6,329","±650","11.4%","±1.2"
"    Civilian noninstitutionalized population under 19 years","5,987","±243","5,987","(X)","8,252","±197","8,252","(X)","14,820","±216","14,820","(X)","96","±62","96","(X)","422","±212","422","(X)","4,767","±135","4,767","(X)","1,607","±285","1,607","(X)","981","±228","981","(X)","12,917","±158","12,917","(X)","1,018","±178","1,018","(X)","8,920","±167","8,920","(X)","1,126","±26","1,126","(X)","804","±204","804","(X)","1,836","±56","1,836","(X)","12,291","±126","12,291","(X)"
"        No health insurance coverage","517","±241","8.6%","±4.0","569","±203","6.9%","±2.4","752","±241","5.1%","±1.7","5","±8","5.2%","±8.5","28","±40","6.6%","±7.5","345","±155","7.2%","±3.2","41","±34","2.6%","±1.9","58","±64","5.9%","±6.3","992","±297","7.7%","±2.3","97","±58","9.5%","±5.8","1,073","±335","12.0%","±3.8","63","±64","5.6%","±5.7","65","±109","8.1%","±12.9","82","±91","4.5%","±5.0","950","±263","7.7%","±2.1"
"    Civilian noninstitutionalized population 19 to 64 years","13,233","±335","13,233","(X)","26,029","±225","26,029","(X)","31,686","±249","31,686","(X)","620","±207","620","(X)","788","±192","788","(X)","9,703","±175","9,703","(X)","3,295","±249","3,295","(X)","2,320","±258","2,320","(X)","33,554","±246","33,554","(X)","2,177","±239","2,177","(X)","26,427","±247","26,427","(X)","2,729","±91","2,729","(X)","1,731","±251","1,731","(X)","4,022","±133","4,022","(X)","32,003","±227","32,003","(X)"
"        In labor force:","9,929","±526","9,929","(X)","19,093","±530","19,093","(X)","25,169","±763","25,169","(X)","379","±146","379","(X)","535","±146","535","(X)","7,689","±341","7,689","(X)","2,468","±297","2,468","(X)","1,587","±215","1,587","(X)","25,402","±655","25,402","(X)","1,555","±204","1,555","(X)","16,827","±799","16,827","(X)","1,979","±188","1,979","(X)","1,242","±234","1,242","(X)","3,394","±217","3,394","(X)","25,843","±572","25,843","(X)"
"            Employed:","9,397","±562","9,397","(X)","18,462","±520","18,462","(X)","23,913","±843","23,913","(X)","374","±146","374","(X)","535","±146","535","(X)","7,330","±351","7,330","(X)","2,216","±326","2,216","(X)","1,517","±215","1,517","(X)","23,540","±684","23,540","(X)","1,467","±199","1,467","(X)","15,225","±893","15,225","(X)","1,799","±198","1,799","(X)","1,159","±241","1,159","(X)","3,264","±240","3,264","(X)","24,775","±579","24,775","(X)"
"                With health insurance coverage","8,426","±557","89.7%","±2.7","16,290","±672","88.2%","±2.2","21,373","±862","89.4%","±1.9","307","±129","82.1%","±15.2","447","±153","83.6%","±16.2","6,596","±409","90.0%","±3.2","2,046","±284","92.3%","±5.6","1,275","±201","84.0%","±7.3","20,760","±843","88.2%","±2.1","1,188","±227","81.0%","±10.7","13,567","±908","89.1%","±2.4","1,585","±193","88.1%","±5.9","971","±221","83.8%","±10.7","3,095","±248","94.8%","±2.5","20,950","±628","84.6%","±1.8"
"                    With private health insurance","7,652","±587","81.4%","±3.8","15,264","±745","82.7%","±2.8","20,279","±842","84.8%","±2.5","278","±130","74.3%","±16.2","429","±155","80.2%","±16.9","6,170","±428","84.2%","±3.9","2,011","±289","90.7%","±5.6","1,184","±199","78.0%","±10.4","19,000","±912","80.7%","±2.8","986","±216","67.2%","±12.7","11,419","±936","75.0%","±3.9","1,460","±198","81.2%","±6.9","863","±223","74.5%","±12.8","2,872","±262","88.0%","±4.3","19,204","±634","77.5%","±2.2"
"                    With public coverage","1,556","±365","16.6%","±3.8","1,668","±336","9.0%","±1.8","2,192","±519","9.2%","±2.1","29","±19","7.8%","±5.6","42","±46","7.9%","±8.4","672","±225","9.2%","±3.1","223","±126","10.1%","±5.5","105","±86","6.9%","±5.2","2,856","±418","12.1%","±1.8","283","±139","19.3%","±8.9","3,003","±522","19.7%","±3.4","227","±113","12.6%","±6.3","161","±110","13.9%","±9.0","315","±115","9.7%","±3.3","2,368","±447","9.6%","±1.7"
"                No health insurance coverage","971","±261","10.3%","±2.7","2,172","±396","11.8%","±2.2","2,540","±463","10.6%","±1.9","67","±64","17.9%","±15.2","88","±89","16.4%","±16.2","734","±232","10.0%","±3.2","170","±134","7.7%","±5.6","242","±119","16.0%","±7.3","2,780","±498","11.8%","±2.1","279","±161","19.0%","±10.7","1,658","±362","10.9%","±2.4","214","±112","11.9%","±5.9","188","±135","16.2%","±10.7","169","±81","5.2%","±2.5","3,825","±468","15.4%","±1.8"
"            Unemployed:","532","±161","532","(X)","631","±175","631","(X)","1,256","±349","1,256","(X)","5","±8","5","(X)","0","±14","0","(X)","359","±101","359","(X)","252","±127","252","(X)","70","±57","70","(X)","1,862","±359","1,862","(X)","88","±55","88","(X)","1,602","±358","1,602","(X)","180","±94","180","(X)","83","±85","83","(X)","130","±86","130","(X)","1,068","±284","1,068","(X)"
"                With health insurance coverage","422","±172","79.3%","±14.9","532","±181","84.3%","±8.6","768","±218","61.1%","±13.1","0","±14","0.0%","±100.0","0","±14","-","**","224","±100","62.4%","±17.2","146","±86","57.9%","±34.5","25","±8","35.7%","±36.0","1,273","±281","68.4%","±9.8","57","±42","64.8%","±23.6","1,229","±366","76.7%","±13.5","123","±83","68.3%","±25.7","78","±85","94.0%","±11.8","130","±86","100.0%","±27.3","609","±188","57.0%","±13.5"
"                    With private health insurance","285","±144","53.6%","±18.8","301","±143","47.7%","±16.5","371","±168","29.5%","±12.6","0","±14","0.0%","±100.0","0","±14","-","**","183","±98","51.0%","±20.4","25","±29","9.9%","±12.1","0","±14","0.0%","±40.5","611","±187","32.8%","±9.4","4","±11","4.5%","±12.6","227","±158","14.2%","±9.2","80","±73","44.4%","±29.0","13","±15","15.7%","±31.3","61","±68","46.9%","±34.3","346","±125","32.4%","±11.1"
"                    With public coverage","144","±85","27.1%","±13.8","288","±143","45.6%","±15.9","439","±161","35.0%","±11.3","0","±14","0.0%","±100.0","0","±14","-","**","69","±57","19.2%","±14.6","121","±85","48.0%","±32.6","25","±8","35.7%","±36.0","711","±243","38.2%","±10.6","53","±42","60.2%","±26.0","1,012","±331","63.2%","±14.2","43","±38","23.9%","±20.8","70","±84","84.3%","±28.4","69","±53","53.1%","±34.3","276","±138","25.8%","±11.0"
"                No health insurance coverage","110","±71","20.7%","±14.9","99","±48","15.7%","±8.6","488","±238","38.9%","±13.1","5","±8","100.0%","±100.0","0","±14","-","**","135","±61","37.6%","±17.2","106","±115","42.1%","±34.5","45","±55","64.3%","±36.0","589","±228","31.6%","±9.8","31","±28","35.2%","±23.6","373","±224","23.3%","±13.5","57","±50","31.7%","±25.7","5","±8","6.0%","±11.8","0","±19","0.0%","±27.3","459","±213","43.0%","±13.5"
"        Not in labor force:","3,304","±455","3,304","(X)","6,936","±522","6,936","(X)","6,517","±696","6,517","(X)","241","±128","241","(X)","253","±108","253","(X)","2,014","±323","2,014","(X)","827","±223","827","(X)","733","±205","733","(X)","8,152","±744","8,152","(X)","622","±189","622","(X)","9,600","±774","9,600","(X)","750","±180","750","(X)","489","±132","489","(X)","628","±169","628","(X)","6,160","±535","6,160","(X)"
"            With health insurance coverage","2,818","±410","85.3%","±6.6","6,339","±528","91.4%","±2.2","5,583","±683","85.7%","±4.7","216","±125","89.6%","±9.3","208","±84","82.2%","±14.2","1,569","±270","77.9%","±7.6","794","±229","96.0%","±4.5","657","±202","89.6%","±8.2","7,025","±644","86.2%","±2.6","541","±186","87.0%","±7.5","8,309","±731","86.6%","±3.0","592","±151","78.9%","±12.2","468","±131","95.7%","±5.9","574","±157","91.4%","±6.5","5,096","±495","82.7%","±4.0"
"                With private health insurance","1,575","±371","47.7%","±9.5","4,331","±426","62.4%","±4.4","4,181","±623","64.2%","±6.0","54","±38","22.4%","±17.5","96","±63","37.9%","±24.6","1,145","±260","56.9%","±9.3","570","±214","68.9%","±15.1","396","±124","54.0%","±10.5","3,589","±397","44.0%","±3.9","177","±112","28.5%","±15.3","3,929","±439","40.9%","±4.0","206","±94","27.5%","±12.0","221","±82","45.2%","±14.3","328","±125","52.2%","±18.5","3,054","±414","49.6%","±5.1"
"                With public coverage","1,609","±364","48.7%","±8.7","2,541","±463","36.6%","±5.5","1,600","±395","24.6%","±5.5","162","±115","67.2%","±20.3","124","±75","49.0%","±19.7","524","±171","26.0%","±7.9","340","±169","41.1%","±17.8","301","±130","41.1%","±11.6","4,351","±548","53.4%","±4.6","370","±156","59.5%","±15.8","5,578","±680","58.1%","±4.6","405","±133","54.0%","±13.8","281","±118","57.5%","±15.0","250","±136","39.8%","±17.1","2,499","±351","40.6%","±4.7"
"            No health insurance coverage","486","±237","14.7%","±6.6","597","±152","8.6%","±2.2","934","±321","14.3%","±4.7","25","±21","10.4%","±9.3","45","±44","17.8%","±14.2","445","±182","22.1%","±7.6","33","±35","4.0%","±4.5","76","±59","10.4%","±8.2","1,127","±251","13.8%","±2.6","81","±46","13.0%","±7.5","1,291","±309","13.4%","±3.0","158","±104","21.1%","±12.2","21","±29","4.3%","±5.9","54","±44","8.6%","±6.5","1,064","±269","17.3%","±4.0"
"PERCENTAGE OF FAMILIES AND PEOPLE WHOSE INCOME IN THE PAST 12 MONTHS IS BELOW THE POVERTY LEVEL","","","","","","","","","","","","","","","","","","","","","","","","","","","","","","","","","","","","","","","","","","","","","","","","","","","","","","","","","","","",""
"    All families","(X)","(X)","4.8%","±1.9","(X)","(X)","5.0%","±1.2","(X)","(X)","6.4%","±1.8","(X)","(X)","3.5%","±3.5","(X)","(X)","9.2%","±9.1","(X)","(X)","10.0%","±3.2","(X)","(X)","9.1%","±5.9","(X)","(X)","4.3%","±3.8","(X)","(X)","7.4%","±1.8","(X)","(X)","14.3%","±6.4","(X)","(X)","10.2%","±1.8","(X)","(X)","5.1%","±2.6","(X)","(X)","3.9%","±3.4","(X)","(X)","4.1%","±2.6","(X)","(X)","8.1%","±1.8"
"        With related children of the householder under 18 years","(X)","(X)","7.6%","±3.0","(X)","(X)","8.0%","±3.1","(X)","(X)","9.8%","±3.0","(X)","(X)","6.8%","±11.2","(X)","(X)","17.1%","±24.0","(X)","(X)","15.5%","±6.0","(X)","(X)","16.7%","±10.4","(X)","(X)","8.6%","±7.9","(X)","(X)","9.3%","±2.8","(X)","(X)","15.4%","±7.3","(X)","(X)","16.1%","±5.1","(X)","(X)","7.0%","±4.8","(X)","(X)","11.4%","±10.1","(X)","(X)","3.5%","±3.1","(X)","(X)","11.0%","±3.2"
"            With related children of the householder under 5 years only","(X)","(X)","3.5%","±3.3","(X)","(X)","9.2%","±6.9","(X)","(X)","10.0%","±7.5","(X)","(X)","-","**","(X)","(X)","0.0%","±100.0","(X)","(X)","15.0%","±13.1","(X)","(X)","3.1%","±7.2","(X)","(X)","55.3%","±55.3","(X)","(X)","3.9%","±3.5","(X)","(X)","25.0%","±26.0","(X)","(X)","12.9%","±11.0","(X)","(X)","11.3%","±17.9","(X)","(X)","0.0%","±48.0","(X)","(X)","0.0%","±53.0","(X)","(X)","6.1%","±3.8"
"        Married couple families","(X)","(X)","3.2%","±1.9","(X)","(X)","4.3%","±1.3","(X)","(X)","2.5%","±1.2","(X)","(X)","1.9%","±2.5","(X)","(X)","8.4%","±9.8","(X)","(X)","3.8%","±2.1","(X)","(X)","1.2%","±1.5","(X)","(X)","0.0%","±5.5","(X)","(X)","4.5%","±1.6","(X)","(X)","12.4%","±8.6","(X)","(X)","8.5%","±2.4","(X)","(X)","2.0%","±2.2","(X)","(X)","1.1%","±1.6","(X)","(X)","3.6%","±2.9","(X)","(X)","4.6%","±1.7"
"            With related children of the householder under 18 years","(X)","(X)","5.5%","±3.5","(X)","(X)","7.6%","±3.8","(X)","(X)","4.1%","±2.3","(X)","(X)","0.0%","±45.7","(X)","(X)","21.6%","±29.1","(X)","(X)","3.8%","±3.1","(X)","(X)","2.6%","±3.9","(X)","(X)","0.0%","±12.4","(X)","(X)","4.2%","±2.5","(X)","(X)","10.8%","±10.1","(X)","(X)","10.1%","±4.8","(X)","(X)","3.1%","±4.1","(X)","(X)","4.0%","±6.0","(X)","(X)","0.9%","±1.2","(X)","(X)","5.6%","±3.0"
"                With related children of the householder under 5 years only","(X)","(X)","3.0%","±4.6","(X)","(X)","3.7%","±5.6","(X)","(X)","3.4%","±5.0","(X)","(X)","-","**","(X)","(X)","0.0%","±100.0","(X)","(X)","10.7%","±14.7","(X)","(X)","0.0%","±34.5","(X)","(X)","0.0%","±74.0","(X)","(X)","1.7%","±2.9","(X)","(X)","0.0%","±100.0","(X)","(X)","10.5%","±11.5","(X)","(X)","7.9%","±18.9","(X)","(X)","0.0%","±67.8","(X)","(X)","0.0%","±67.8","(X)","(X)","0.0%","±6.2"
"        Families with female householder, no spouse present","(X)","(X)","13.2%","±6.3","(X)","(X)","8.1%","±3.4","(X)","(X)","27.1%","±8.7","(X)","(X)","18.2%","±33.2","(X)","(X)","100.0%","±100.0","(X)","(X)","30.0%","±12.4","(X)","(X)","48.0%","±40.3","(X)","(X)","33.9%","±31.6","(X)","(X)","16.2%","±6.1","(X)","(X)","14.3%","±10.0","(X)","(X)","21.6%","±9.4","(X)","(X)","29.2%","±14.6","(X)","(X)","22.1%","±21.3","(X)","(X)","6.9%","±7.2","(X)","(X)","20.6%","±6.1"
"            With related children of the householder under 18 years","(X)","(X)","16.8%","±8.3","(X)","(X)","11.5%","±6.7","(X)","(X)","31.5%","±11.2","(X)","(X)","100.0%","±100.0","(X)","(X)","-","**","(X)","(X)","37.5%","±16.5","(X)","(X)","70.3%","±40.6","(X)","(X)","40.6%","±39.9","(X)","(X)","21.3%","±9.8","(X)","(X)","14.6%","±11.6","(X)","(X)","32.0%","±16.7","(X)","(X)","17.3%","±18.1","(X)","(X)","29.0%","±28.8","(X)","(X)","7.7%","±8.1","(X)","(X)","25.1%","±8.7"
"                With related children of the householder under 5 years only","(X)","(X)","5.3%","±8.8","(X)","(X)","57.6%","±36.7","(X)","(X)","47.6%","±36.9","(X)","(X)","-","**","(X)","(X)","-","**","(X)","(X)","0.0%","±40.8","(X)","(X)","-","**","(X)","(X)","100.0%","±66.5","(X)","(X)","7.0%","±12.1","(X)","(X)","39.3%","±37.6","(X)","(X)","17.8%","±27.2","(X)","(X)","0.0%","±100.0","(X)","(X)","0.0%","±67.8","(X)","(X)","0.0%","±84.8","(X)","(X)","25.6%","±16.4"
"    All people","(X)","(X)","9.9%","±2.3","(X)","(X)","7.5%","±1.2","(X)","(X)","10.4%","±1.8","(X)","(X)","16.1%","±10.3","(X)","(X)","17.6%","±17.5","(X)","(X)","14.3%","±3.4","(X)","(X)","10.8%","±5.8","(X)","(X)","7.2%","±3.0","(X)","(X)","10.4%","±1.6","(X)","(X)","18.5%","±5.1","(X)","(X)","15.3%","±1.9","(X)","(X)","9.8%","±3.3","(X)","(X)","9.1%","±4.8","(X)","(X)","9.2%","±3.0","(X)","(X)","11.2%","±1.6"
"        Under 18 years","(X)","(X)","9.8%","±4.3","(X)","(X)","8.3%","±2.9","(X)","(X)","12.5%","±3.4","(X)","(X)","5.2%","±8.5","(X)","(X)","32.2%","±32.4","(X)","(X)","20.4%","±7.3","(X)","(X)","12.5%","±9.2","(X)","(X)","7.3%","±6.1","(X)","(X)","12.1%","±4.0","(X)","(X)","23.2%","±8.4","(X)","(X)","17.3%","±5.7","(X)","(X)","8.2%","±5.6","(X)","(X)","10.2%","±12.3","(X)","(X)","9.9%","±4.9","(X)","(X)","15.2%","±4.2"
"            Related children of the householder under 18 years","(X)","(X)","8.4%","±4.3","(X)","(X)","7.6%","±2.7","(X)","(X)","12.0%","±3.4","(X)","(X)","5.2%","±8.5","(X)","(X)","28.0%","±35.0","(X)","(X)","20.4%","±7.3","(X)","(X)","12.5%","±9.2","(X)","(X)","7.3%","±6.1","(X)","(X)","11.9%","±3.9","(X)","(X)","22.2%","±8.5","(X)","(X)","16.3%","±5.8","(X)","(X)","8.2%","±5.6","(X)","(X)","9.5%","±12.3","(X)","(X)","7.8%","±4.7","(X)","(X)","13.9%","±4.3"
"                Related children of the householder under 5 years","(X)","(X)","8.8%","±5.5","(X)","(X)","9.8%","±4.8","(X)","(X)","16.2%","±5.8","(X)","(X)","0.0%","±75.8","(X)","(X)","18.9%","±30.7","(X)","(X)","18.2%","±10.1","(X)","(X)","4.5%","±9.5","(X)","(X)","12.4%","±19.1","(X)","(X)","13.7%","±6.0","(X)","(X)","16.3%","±12.4","(X)","(X)","11.8%","±8.0","(X)","(X)","6.4%","±7.3","(X)","(X)","12.8%","±23.7","(X)","(X)","6.3%","±7.8","(X)","(X)","12.3%","±5.2"
"                Related children of the householder 5 to 17 years","(X)","(X)","8.2%","±5.0","(X)","(X)","7.0%","±3.1","(X)","(X)","10.5%","±3.3","(X)","(X)","6.6%","±10.6","(X)","(X)","31.3%","±38.2","(X)","(X)","21.1%","±7.9","(X)","(X)","13.7%","±10.5","(X)","(X)","6.0%","±5.2","(X)","(X)","11.3%","±4.3","(X)","(X)","25.1%","±9.6","(X)","(X)","17.7%","±6.9","(X)","(X)","8.9%","±7.1","(X)","(X)","8.4%","±9.4","(X)","(X)","8.1%","±5.0","(X)","(X)","14.5%","±4.9"
"        18 years and over","(X)","(X)","10.0%","±2.3","(X)","(X)","7.3%","±1.1","(X)","(X)","9.6%","±1.7","(X)","(X)","17.3%","±11.3","(X)","(X)","12.5%","±11.9","(X)","(X)","12.1%","±2.5","(X)","(X)","10.1%","±5.1","(X)","(X)","7.2%","±2.7","(X)","(X)","9.9%","±1.4","(X)","(X)","17.3%","±5.6","(X)","(X)","14.9%","±1.7","(X)","(X)","10.3%","±3.7","(X)","(X)","8.9%","±4.6","(X)","(X)","9.1%","±3.2","(X)","(X)","10.1%","±1.3"
"            18 to 64 years","(X)","(X)","9.8%","±2.5","(X)","(X)","8.3%","±1.5","(X)","(X)","9.5%","±1.9","(X)","(X)","21.6%","±15.7","(X)","(X)","15.9%","±16.5","(X)","(X)","11.1%","±2.9","(X)","(X)","8.8%","±4.2","(X)","(X)","7.4%","±3.6","(X)","(X)","9.2%","±1.4","(X)","(X)","21.0%","±8.2","(X)","(X)","16.8%","±2.3","(X)","(X)","9.7%","±3.9","(X)","(X)","7.3%","±5.6","(X)","(X)","8.4%","±3.6","(X)","(X)","9.9%","±1.6"
"            65 years and over","(X)","(X)","10.6%","±4.3","(X)","(X)","5.7%","±1.2","(X)","(X)","10.5%","±2.8","(X)","(X)","7.0%","±6.7","(X)","(X)","5.9%","±10.0","(X)","(X)","16.2%","±6.5","(X)","(X)","15.8%","±11.2","(X)","(X)","6.3%","±3.9","(X)","(X)","11.7%","±2.7","(X)","(X)","10.6%","±6.8","(X)","(X)","11.7%","±2.5","(X)","(X)","12.0%","±8.1","(X)","(X)","10.9%","±7.8","(X)","(X)","10.8%","±5.4","(X)","(X)","10.9%","±1.7"
"        People in families","(X)","(X)","5.8%","±2.6","(X)","(X)","5.2%","±1.3","(X)","(X)","7.8%","±2.1","(X)","(X)","2.4%","±2.5","(X)","(X)","17.0%","±19.1","(X)","(X)","12.2%","±3.6","(X)","(X)","9.7%","±6.7","(X)","(X)","4.8%","±2.9","(X)","(X)","7.6%","±1.8","(X)","(X)","14.7%","±5.4","(X)","(X)","10.6%","±2.2","(X)","(X)","7.0%","±3.4","(X)","(X)","4.0%","±4.1","(X)","(X)","4.9%","±2.5","(X)","(X)","8.3%","±1.8"
"        Unrelated individuals 15 years and over","(X)","(X)","23.9%","±6.2","(X)","(X)","18.8%","±3.3","(X)","(X)","23.4%","±4.0","(X)","(X)","46.2%","±23.4","(X)","(X)","22.9%","±26.7","(X)","(X)","24.0%","±6.8","(X)","(X)","17.1%","±7.2","(X)","(X)","15.7%","±7.8","(X)","(X)","21.6%","±3.3","(X)","(X)","28.8%","±11.2","(X)","(X)","29.1%","±3.6","(X)","(X)","26.4%","±9.3","(X)","(X)","22.1%","±9.7","(X)","(X)","23.8%","±9.4","(X)","(X)","21.1%","±2.7"